{
  "profileId" : "quickstarts-cxf-rest",
  "abstractProfile" : false,
  "description" : "RESTful WebService Example using JAX-RS with JBoss Fuse",
  "parentProfiles" : [ "feature-cxf" ],
  "features" : [ "cxf-jaxrs", "swagger" ],
  "bundles" : [ "mvn:io.fabric8.quickstarts/cxf-rest/1.2.0.redhat-133" ],
  "minimumInstances" : 1,
  "rootDependency" : {
    "groupId" : "io.fabric8.quickstarts",
    "artifactId" : "cxf-rest",
    "version" : "1.2.0.redhat-133",
    "type" : "bundle",
    "optional" : false,
    "children" : [ {
      "groupId" : "org.slf4j",
      "artifactId" : "slf4j-api",
      "version" : "1.7.7",
      "type" : "bundle",
      "scope" : "compile",
      "optional" : false
    }, {
      "groupId" : "org.slf4j",
      "artifactId" : "jcl-over-slf4j",
      "version" : "1.7.7",
      "type" : "bundle",
      "scope" : "compile",
      "optional" : false
    }, {
      "groupId" : "com.wordnik",
      "artifactId" : "swagger-jaxrs_2.10",
      "version" : "1.3.0",
      "type" : "jar",
      "scope" : "compile",
      "optional" : true,
      "children" : [ {
        "groupId" : "org.scala-lang",
        "artifactId" : "scala-library",
        "version" : "2.10.0",
        "type" : "bundle",
        "scope" : "compile",
        "optional" : false
      }, {
        "groupId" : "com.wordnik",
        "artifactId" : "swagger-core_2.10",
        "version" : "1.3.0",
        "type" : "jar",
        "scope" : "compile",
        "optional" : false,
        "children" : [ {
          "groupId" : "commons-lang",
          "artifactId" : "commons-lang",
          "version" : "2.6",
          "type" : "bundle",
          "scope" : "compile",
          "optional" : false
        }, {
          "groupId" : "com.fasterxml.jackson.jaxrs",
          "artifactId" : "jackson-jaxrs-json-provider",
          "version" : "2.4.3",
          "type" : "bundle",
          "scope" : "compile",
          "optional" : false,
          "children" : [ {
            "groupId" : "com.fasterxml.jackson.jaxrs",
            "artifactId" : "jackson-jaxrs-base",
            "version" : "2.4.3",
            "type" : "bundle",
            "scope" : "compile",
            "optional" : false
          }, {
            "groupId" : "com.fasterxml.jackson.module",
            "artifactId" : "jackson-module-jaxb-annotations",
            "version" : "2.4.3",
            "type" : "bundle",
            "scope" : "compile",
            "optional" : false
          } ]
        }, {
          "groupId" : "com.wordnik",
          "artifactId" : "swagger-annotations_2.10",
          "version" : "1.3.0",
          "type" : "jar",
          "scope" : "compile",
          "optional" : false
        }, {
          "groupId" : "org.json4s",
          "artifactId" : "json4s-ext_2.10",
          "version" : "3.2.4",
          "type" : "jar",
          "scope" : "compile",
          "optional" : false,
          "children" : [ {
            "groupId" : "org.joda",
            "artifactId" : "joda-convert",
            "version" : "1.2",
            "type" : "bundle",
            "scope" : "compile",
            "optional" : false
          } ]
        }, {
          "groupId" : "org.json4s",
          "artifactId" : "json4s-native_2.10",
          "version" : "3.2.4",
          "type" : "jar",
          "scope" : "compile",
          "optional" : false,
          "children" : [ {
            "groupId" : "org.json4s",
            "artifactId" : "json4s-core_2.10",
            "version" : "3.2.4",
            "type" : "jar",
            "scope" : "compile",
            "optional" : false,
            "children" : [ {
              "groupId" : "org.json4s",
              "artifactId" : "json4s-ast_2.10",
              "version" : "3.2.4",
              "type" : "jar",
              "scope" : "compile",
              "optional" : false
            }, {
              "groupId" : "org.scala-lang",
              "artifactId" : "scalap",
              "version" : "2.10.0",
              "type" : "jar",
              "scope" : "compile",
              "optional" : false,
              "children" : [ {
                "groupId" : "org.scala-lang",
                "artifactId" : "scala-compiler",
                "version" : "2.10.0",
                "type" : "bundle",
                "scope" : "compile",
                "optional" : false
              } ]
            } ]
          } ]
        }, {
          "groupId" : "org.json4s",
          "artifactId" : "json4s-jackson_2.10",
          "version" : "3.2.4",
          "type" : "jar",
          "scope" : "compile",
          "optional" : false
        } ]
      }, {
        "groupId" : "javax.ws.rs",
        "artifactId" : "jsr311-api",
        "version" : "1.1.1",
        "type" : "bundle",
        "scope" : "compile",
        "optional" : false
      }, {
        "groupId" : "org.reflections",
        "artifactId" : "reflections",
        "version" : "0.9.8",
        "type" : "jar",
        "scope" : "compile",
        "optional" : false,
        "children" : [ {
          "groupId" : "javassist",
          "artifactId" : "javassist",
          "version" : "3.12.1.GA",
          "type" : "jar",
          "scope" : "compile",
          "optional" : false
        }, {
          "groupId" : "dom4j",
          "artifactId" : "dom4j",
          "version" : "1.6.1",
          "type" : "jar",
          "scope" : "compile",
          "optional" : false
        } ]
      } ]
    }, {
      "groupId" : "joda-time",
      "artifactId" : "joda-time",
      "version" : "2.5",
      "type" : "bundle",
      "scope" : "compile",
      "optional" : false
    }, {
      "groupId" : "xml-apis",
      "artifactId" : "xml-apis",
      "version" : "1.4.01",
      "type" : "jar",
      "scope" : "compile",
      "optional" : false
    }, {
      "groupId" : "com.fasterxml.jackson.module",
      "artifactId" : "jackson-module-jsonSchema",
      "version" : "2.4.3",
      "type" : "bundle",
      "scope" : "compile",
      "optional" : true,
      "children" : [ {
        "groupId" : "com.fasterxml.jackson.core",
        "artifactId" : "jackson-annotations",
        "version" : "2.4.3",
        "type" : "bundle",
        "scope" : "compile",
        "optional" : false
      }, {
        "groupId" : "com.fasterxml.jackson.core",
        "artifactId" : "jackson-core",
        "version" : "2.4.3",
        "type" : "bundle",
        "scope" : "compile",
        "optional" : false
      }, {
        "groupId" : "com.fasterxml.jackson.core",
        "artifactId" : "jackson-databind",
        "version" : "2.4.3",
        "type" : "bundle",
        "scope" : "compile",
        "optional" : false
      } ]
    }, {
      "groupId" : "com.fasterxml.jackson.module",
      "artifactId" : "jackson-module-scala_2.10",
      "version" : "2.4.3",
      "type" : "bundle",
      "scope" : "compile",
      "optional" : true,
      "children" : [ {
        "groupId" : "org.scala-lang",
        "artifactId" : "scala-reflect",
        "version" : "2.10.4",
        "type" : "bundle",
        "scope" : "compile",
        "optional" : false
      }, {
        "groupId" : "com.thoughtworks.paranamer",
        "artifactId" : "paranamer",
        "version" : "2.6",
        "type" : "jar",
        "scope" : "compile",
        "optional" : false
      }, {
        "groupId" : "com.google.code.findbugs",
        "artifactId" : "jsr305",
        "version" : "2.0.1",
        "type" : "jar",
        "scope" : "compile",
        "optional" : false
      }, {
        "groupId" : "com.google.guava",
        "artifactId" : "guava",
        "version" : "17.0",
        "type" : "bundle",
        "scope" : "compile",
        "optional" : false
      } ]
    }, {
      "groupId" : "org.apache.cxf",
      "artifactId" : "cxf-rt-frontend-jaxrs",
      "version" : "3.0.4.redhat-620133",
      "type" : "bundle",
      "scope" : "compile",
      "optional" : false,
      "children" : [ {
        "groupId" : "org.apache.cxf",
        "artifactId" : "cxf-core",
        "version" : "3.0.4.redhat-620133",
        "type" : "bundle",
        "scope" : "compile",
        "optional" : false,
        "children" : [ {
          "groupId" : "org.codehaus.woodstox",
          "artifactId" : "woodstox-core-asl",
          "version" : "4.4.1",
          "type" : "bundle",
          "scope" : "compile",
          "optional" : false,
          "children" : [ {
            "groupId" : "org.codehaus.woodstox",
            "artifactId" : "stax2-api",
            "version" : "3.1.4",
            "type" : "bundle",
            "scope" : "compile",
            "optional" : false
          } ]
        }, {
          "groupId" : "org.apache.ws.xmlschema",
          "artifactId" : "xmlschema-core",
          "version" : "2.2.1",
          "type" : "bundle",
          "scope" : "compile",
          "optional" : false
        } ]
      }, {
        "groupId" : "javax.ws.rs",
        "artifactId" : "javax.ws.rs-api",
        "version" : "2.0.1",
        "type" : "bundle",
        "scope" : "compile",
        "optional" : false
      }, {
        "groupId" : "javax.annotation",
        "artifactId" : "javax.annotation-api",
        "version" : "1.2",
        "type" : "bundle",
        "scope" : "compile",
        "optional" : false
      }, {
        "groupId" : "org.apache.cxf",
        "artifactId" : "cxf-rt-transports-http",
        "version" : "3.0.4.redhat-620133",
        "type" : "bundle",
        "scope" : "compile",
        "optional" : false
      } ]
    } ]
  },
  "webContextPath" : "cxf-rest",
  "useResolver" : true
}