{
  "profileId" : "quickstarts-fuse-camel.linkedin",
  "abstractProfile" : false,
  "description" : "Camel LinkedIn Example",
  "parentProfiles" : [ "feature-camel" ],
  "bundles" : [ "mvn:org.jboss.quickstarts.fuse/camel-linkedin/6.2.0.redhat-133" ],
  "minimumInstances" : 1,
  "rootDependency" : {
    "groupId" : "org.jboss.quickstarts.fuse",
    "artifactId" : "camel-linkedin",
    "version" : "6.2.0.redhat-133",
    "type" : "bundle",
    "optional" : false,
    "children" : [ {
      "groupId" : "org.apache.camel",
      "artifactId" : "camel-blueprint",
      "version" : "2.15.1.redhat-620133",
      "type" : "bundle",
      "scope" : "compile",
      "optional" : false,
      "children" : [ {
        "groupId" : "org.apache.camel",
        "artifactId" : "camel-core",
        "version" : "2.15.1.redhat-620133",
        "type" : "bundle",
        "scope" : "compile",
        "optional" : false,
        "children" : [ {
          "groupId" : "org.slf4j",
          "artifactId" : "slf4j-api",
          "version" : "1.7.7",
          "type" : "bundle",
          "scope" : "compile",
          "optional" : false
        } ]
      }, {
        "groupId" : "org.apache.camel",
        "artifactId" : "camel-core-xml",
        "version" : "2.15.1.redhat-620133",
        "type" : "jar",
        "scope" : "compile",
        "optional" : false
      }, {
        "groupId" : "org.apache.camel",
        "artifactId" : "camel-core-osgi",
        "version" : "2.15.1.redhat-620133",
        "type" : "bundle",
        "scope" : "compile",
        "optional" : false
      }, {
        "groupId" : "com.sun.xml.bind",
        "artifactId" : "jaxb-core",
        "version" : "2.2.11",
        "type" : "bundle",
        "scope" : "compile",
        "optional" : false
      }, {
        "groupId" : "com.sun.xml.bind",
        "artifactId" : "jaxb-impl",
        "version" : "2.2.11",
        "type" : "bundle",
        "scope" : "compile",
        "optional" : false
      } ]
    } ]
  },
  "webContextPath" : "camel-linkedin",
  "useResolver" : true
}