{
  "profileId" : "quickstarts-cxf-camel.cxf.code.first",
  "abstractProfile" : false,
  "description" : "Creates a web service using Java code first",
  "parentProfiles" : [ "feature-camel", "feature-cxf" ],
  "features" : [ "camel-cxf", "camel-blueprint" ],
  "bundles" : [ "mvn:io.fabric8.quickstarts/cxf-camel-cxf-code-first/1.2.0.redhat-133" ],
  "minimumInstances" : 1,
  "rootDependency" : {
    "groupId" : "io.fabric8.quickstarts",
    "artifactId" : "cxf-camel-cxf-code-first",
    "version" : "1.2.0.redhat-133",
    "type" : "bundle",
    "optional" : false,
    "children" : [ {
      "groupId" : "org.apache.camel",
      "artifactId" : "camel-blueprint",
      "version" : "2.15.1.redhat-620133",
      "type" : "bundle",
      "scope" : "compile",
      "optional" : false,
      "children" : [ {
        "groupId" : "org.apache.camel",
        "artifactId" : "camel-core",
        "version" : "2.15.1.redhat-620133",
        "type" : "bundle",
        "scope" : "compile",
        "optional" : false
      }, {
        "groupId" : "org.apache.camel",
        "artifactId" : "camel-core-xml",
        "version" : "2.15.1.redhat-620133",
        "type" : "jar",
        "scope" : "compile",
        "optional" : false
      }, {
        "groupId" : "org.apache.camel",
        "artifactId" : "camel-core-osgi",
        "version" : "2.15.1.redhat-620133",
        "type" : "bundle",
        "scope" : "compile",
        "optional" : false
      }, {
        "groupId" : "com.sun.xml.bind",
        "artifactId" : "jaxb-core",
        "version" : "2.2.11",
        "type" : "bundle",
        "scope" : "compile",
        "optional" : false
      }, {
        "groupId" : "com.sun.xml.bind",
        "artifactId" : "jaxb-impl",
        "version" : "2.2.11",
        "type" : "bundle",
        "scope" : "compile",
        "optional" : false
      } ]
    }, {
      "groupId" : "org.apache.camel",
      "artifactId" : "camel-cxf",
      "version" : "2.15.1.redhat-620133",
      "type" : "bundle",
      "scope" : "compile",
      "optional" : false,
      "children" : [ {
        "groupId" : "org.apache.camel",
        "artifactId" : "camel-spring",
        "version" : "2.15.1.redhat-620133",
        "type" : "bundle",
        "scope" : "compile",
        "optional" : false,
        "children" : [ {
          "groupId" : "org.springframework",
          "artifactId" : "spring-aop",
          "version" : "3.2.12.RELEASE",
          "type" : "jar",
          "scope" : "compile",
          "optional" : false,
          "children" : [ {
            "groupId" : "aopalliance",
            "artifactId" : "aopalliance",
            "version" : "1.0",
            "type" : "jar",
            "scope" : "compile",
            "optional" : false
          } ]
        }, {
          "groupId" : "org.springframework",
          "artifactId" : "spring-tx",
          "version" : "3.2.12.RELEASE",
          "type" : "jar",
          "scope" : "compile",
          "optional" : false
        } ]
      }, {
        "groupId" : "org.apache.camel",
        "artifactId" : "camel-cxf-transport",
        "version" : "2.15.1.redhat-620133",
        "type" : "bundle",
        "scope" : "compile",
        "optional" : false
      }, {
        "groupId" : "org.apache.cxf",
        "artifactId" : "cxf-rt-frontend-jaxrs",
        "version" : "3.0.4.redhat-620133",
        "type" : "bundle",
        "scope" : "compile",
        "optional" : false,
        "children" : [ {
          "groupId" : "javax.ws.rs",
          "artifactId" : "javax.ws.rs-api",
          "version" : "2.0.1",
          "type" : "bundle",
          "scope" : "compile",
          "optional" : false
        }, {
          "groupId" : "javax.annotation",
          "artifactId" : "javax.annotation-api",
          "version" : "1.2",
          "type" : "bundle",
          "scope" : "compile",
          "optional" : false
        } ]
      }, {
        "groupId" : "org.apache.cxf",
        "artifactId" : "cxf-rt-rs-security-oauth",
        "version" : "3.0.4.redhat-620133",
        "type" : "bundle",
        "scope" : "compile",
        "optional" : false,
        "children" : [ {
          "groupId" : "org.apache.cxf",
          "artifactId" : "cxf-rt-rs-client",
          "version" : "3.0.4.redhat-620133",
          "type" : "bundle",
          "scope" : "compile",
          "optional" : false
        }, {
          "groupId" : "net.oauth.core",
          "artifactId" : "oauth-provider",
          "version" : "20100527",
          "type" : "jar",
          "scope" : "compile",
          "optional" : false,
          "children" : [ {
            "groupId" : "net.oauth.core",
            "artifactId" : "oauth",
            "version" : "20100527",
            "type" : "jar",
            "scope" : "compile",
            "optional" : false
          } ]
        } ]
      }, {
        "groupId" : "org.springframework",
        "artifactId" : "spring-core",
        "version" : "3.2.12.RELEASE",
        "type" : "jar",
        "scope" : "compile",
        "optional" : false,
        "children" : [ {
          "groupId" : "commons-logging",
          "artifactId" : "commons-logging",
          "version" : "1.1.3",
          "type" : "bundle",
          "scope" : "compile",
          "optional" : false
        } ]
      }, {
        "groupId" : "org.springframework",
        "artifactId" : "spring-beans",
        "version" : "3.2.12.RELEASE",
        "type" : "jar",
        "scope" : "compile",
        "optional" : false
      }, {
        "groupId" : "org.springframework",
        "artifactId" : "spring-context",
        "version" : "3.2.12.RELEASE",
        "type" : "jar",
        "scope" : "compile",
        "optional" : false,
        "children" : [ {
          "groupId" : "org.springframework",
          "artifactId" : "spring-expression",
          "version" : "3.2.12.RELEASE",
          "type" : "jar",
          "scope" : "compile",
          "optional" : false
        } ]
      }, {
        "groupId" : "org.apache.cxf",
        "artifactId" : "cxf-rt-features-clustering",
        "version" : "3.0.4.redhat-620133",
        "type" : "bundle",
        "scope" : "compile",
        "optional" : false
      }, {
        "groupId" : "org.apache.cxf",
        "artifactId" : "cxf-rt-bindings-soap",
        "version" : "3.0.4.redhat-620133",
        "type" : "bundle",
        "scope" : "compile",
        "optional" : false,
        "children" : [ {
          "groupId" : "org.apache.cxf",
          "artifactId" : "cxf-rt-wsdl",
          "version" : "3.0.4.redhat-620133",
          "type" : "bundle",
          "scope" : "compile",
          "optional" : false,
          "children" : [ {
            "groupId" : "wsdl4j",
            "artifactId" : "wsdl4j",
            "version" : "1.6.3",
            "type" : "jar",
            "scope" : "compile",
            "optional" : false
          } ]
        }, {
          "groupId" : "org.apache.cxf",
          "artifactId" : "cxf-rt-databinding-jaxb",
          "version" : "3.0.4.redhat-620133",
          "type" : "bundle",
          "scope" : "compile",
          "optional" : false
        } ]
      } ]
    }, {
      "groupId" : "log4j",
      "artifactId" : "log4j",
      "version" : "1.2.17",
      "type" : "bundle",
      "scope" : "compile",
      "optional" : false
    }, {
      "groupId" : "org.slf4j",
      "artifactId" : "slf4j-api",
      "version" : "1.7.7",
      "type" : "bundle",
      "scope" : "compile",
      "optional" : false
    }, {
      "groupId" : "org.slf4j",
      "artifactId" : "slf4j-log4j12",
      "version" : "1.7.7",
      "type" : "bundle",
      "scope" : "compile",
      "optional" : false
    }, {
      "groupId" : "org.apache.cxf",
      "artifactId" : "cxf-rt-transports-http-jetty",
      "version" : "3.0.4.redhat-620133",
      "type" : "bundle",
      "scope" : "compile",
      "optional" : false,
      "children" : [ {
        "groupId" : "org.apache.cxf",
        "artifactId" : "cxf-core",
        "version" : "3.0.4.redhat-620133",
        "type" : "bundle",
        "scope" : "compile",
        "optional" : false,
        "children" : [ {
          "groupId" : "org.codehaus.woodstox",
          "artifactId" : "woodstox-core-asl",
          "version" : "4.4.1",
          "type" : "bundle",
          "scope" : "compile",
          "optional" : false,
          "children" : [ {
            "groupId" : "org.codehaus.woodstox",
            "artifactId" : "stax2-api",
            "version" : "3.1.4",
            "type" : "bundle",
            "scope" : "compile",
            "optional" : false
          } ]
        }, {
          "groupId" : "org.apache.ws.xmlschema",
          "artifactId" : "xmlschema-core",
          "version" : "2.2.1",
          "type" : "bundle",
          "scope" : "compile",
          "optional" : false
        } ]
      }, {
        "groupId" : "org.apache.cxf",
        "artifactId" : "cxf-rt-transports-http",
        "version" : "3.0.4.redhat-620133",
        "type" : "bundle",
        "scope" : "compile",
        "optional" : false
      }, {
        "groupId" : "org.eclipse.jetty",
        "artifactId" : "jetty-server",
        "version" : "8.1.17.v20150415",
        "type" : "bundle",
        "scope" : "compile",
        "optional" : false,
        "children" : [ {
          "groupId" : "org.eclipse.jetty",
          "artifactId" : "jetty-continuation",
          "version" : "8.1.17.v20150415",
          "type" : "bundle",
          "scope" : "compile",
          "optional" : false
        }, {
          "groupId" : "org.eclipse.jetty",
          "artifactId" : "jetty-http",
          "version" : "8.1.17.v20150415",
          "type" : "bundle",
          "scope" : "compile",
          "optional" : false,
          "children" : [ {
            "groupId" : "org.eclipse.jetty",
            "artifactId" : "jetty-io",
            "version" : "8.1.17.v20150415",
            "type" : "bundle",
            "scope" : "compile",
            "optional" : false,
            "children" : [ {
              "groupId" : "org.eclipse.jetty",
              "artifactId" : "jetty-util",
              "version" : "8.1.17.v20150415",
              "type" : "bundle",
              "scope" : "compile",
              "optional" : false
            } ]
          } ]
        } ]
      }, {
        "groupId" : "org.eclipse.jetty",
        "artifactId" : "jetty-security",
        "version" : "8.1.17.v20150415",
        "type" : "bundle",
        "scope" : "compile",
        "optional" : false
      }, {
        "groupId" : "org.apache.geronimo.specs",
        "artifactId" : "geronimo-servlet_3.0_spec",
        "version" : "1.0",
        "type" : "bundle",
        "scope" : "compile",
        "optional" : false
      } ]
    }, {
      "groupId" : "org.apache.cxf",
      "artifactId" : "cxf-rt-frontend-jaxws",
      "version" : "3.0.4.redhat-620133",
      "type" : "bundle",
      "scope" : "compile",
      "optional" : false,
      "children" : [ {
        "groupId" : "xml-resolver",
        "artifactId" : "xml-resolver",
        "version" : "1.2",
        "type" : "jar",
        "scope" : "compile",
        "optional" : false
      }, {
        "groupId" : "org.apache.cxf",
        "artifactId" : "cxf-rt-bindings-xml",
        "version" : "3.0.4.redhat-620133",
        "type" : "bundle",
        "scope" : "compile",
        "optional" : false
      }, {
        "groupId" : "org.apache.cxf",
        "artifactId" : "cxf-rt-frontend-simple",
        "version" : "3.0.4.redhat-620133",
        "type" : "bundle",
        "scope" : "compile",
        "optional" : false
      }, {
        "groupId" : "org.apache.cxf",
        "artifactId" : "cxf-rt-ws-addr",
        "version" : "3.0.4.redhat-620133",
        "type" : "bundle",
        "scope" : "compile",
        "optional" : false,
        "children" : [ {
          "groupId" : "org.apache.cxf",
          "artifactId" : "cxf-rt-ws-policy",
          "version" : "3.0.4.redhat-620133",
          "type" : "bundle",
          "scope" : "compile",
          "optional" : false,
          "children" : [ {
            "groupId" : "org.apache.neethi",
            "artifactId" : "neethi",
            "version" : "3.0.3",
            "type" : "bundle",
            "scope" : "compile",
            "optional" : false
          } ]
        } ]
      } ]
    } ]
  },
  "webContextPath" : "cxf-camel-cxf-code-first",
  "useResolver" : true
}