{
  "profileId" : "org.jboss.quickstarts.fuse-camel-sap",
  "abstractProfile" : false,
  "description" : "SAP Camel Components Example",
  "parentProfiles" : [ "feature-camel" ],
  "bundles" : [ "mvn:org.jboss.quickstarts.fuse/camel-sap/6.2.0.redhat-133" ],
  "minimumInstances" : 1,
  "rootDependency" : {
    "groupId" : "org.jboss.quickstarts.fuse",
    "artifactId" : "camel-sap",
    "version" : "6.2.0.redhat-133",
    "type" : "bundle",
    "optional" : false,
    "children" : [ {
      "groupId" : "org.apache.camel",
      "artifactId" : "camel-core",
      "version" : "2.15.1.redhat-620133",
      "type" : "bundle",
      "scope" : "compile",
      "optional" : false,
      "children" : [ {
        "groupId" : "com.sun.xml.bind",
        "artifactId" : "jaxb-core",
        "version" : "2.2.11",
        "type" : "bundle",
        "scope" : "compile",
        "optional" : false
      }, {
        "groupId" : "com.sun.xml.bind",
        "artifactId" : "jaxb-impl",
        "version" : "2.2.11",
        "type" : "bundle",
        "scope" : "compile",
        "optional" : false
      } ]
    }, {
      "groupId" : "org.apache.camel",
      "artifactId" : "camel-blueprint",
      "version" : "2.15.1.redhat-620133",
      "type" : "bundle",
      "scope" : "compile",
      "optional" : false,
      "children" : [ {
        "groupId" : "org.apache.camel",
        "artifactId" : "camel-core-xml",
        "version" : "2.15.1.redhat-620133",
        "type" : "jar",
        "scope" : "compile",
        "optional" : false
      }, {
        "groupId" : "org.apache.camel",
        "artifactId" : "camel-core-osgi",
        "version" : "2.15.1.redhat-620133",
        "type" : "bundle",
        "scope" : "compile",
        "optional" : false
      } ]
    }, {
      "groupId" : "org.apache.camel",
      "artifactId" : "camel-jaxb",
      "version" : "2.15.1.redhat-620133",
      "type" : "bundle",
      "scope" : "compile",
      "optional" : false
    }, {
      "groupId" : "org.fusesource",
      "artifactId" : "camel-sap",
      "version" : "6.2.0.redhat-133",
      "type" : "bundle",
      "scope" : "compile",
      "optional" : false,
      "children" : [ {
        "groupId" : "com.sap.conn.jco",
        "artifactId" : "sapjco3",
        "version" : "3.0.11",
        "type" : "jar",
        "scope" : "system",
        "optional" : false
      }, {
        "groupId" : "com.sap.conn.idoc",
        "artifactId" : "sapidoc3",
        "version" : "3.0.10",
        "type" : "jar",
        "scope" : "system",
        "optional" : false
      } ]
    }, {
      "groupId" : "org.slf4j",
      "artifactId" : "slf4j-api",
      "version" : "1.7.7",
      "type" : "bundle",
      "scope" : "compile",
      "optional" : false
    }, {
      "groupId" : "org.slf4j",
      "artifactId" : "slf4j-log4j12",
      "version" : "1.7.7",
      "type" : "bundle",
      "scope" : "compile",
      "optional" : false
    }, {
      "groupId" : "log4j",
      "artifactId" : "log4j",
      "version" : "1.2.17",
      "type" : "bundle",
      "scope" : "compile",
      "optional" : false
    } ]
  },
  "webContextPath" : "camel-sap",
  "useResolver" : true
}